lang-pair	EMEA	JRC-Acquis	KDE4	OpenSubtitles	QED	Tanzil	TED2020	CCAligned
en-cs	0.801847	0.83894	0.786254	0.731263	0.745164	0.658716	0.772382	0.790741
en-de	0.789627	0.814808	0.769285	0.75284	0.770879	0.6984	0.800857	0.852935
en-fi	0.786347	0.800821	0.77394	0.7536	0.783245	NA	0.802064	0.779236
en-fr	0.804682	0.848914	0.75677	0.751192	0.767069	0.697497	0.814172	0.856038
en-lt	0.491025	0.456821	0.621543	0.507359	0.451684	NA	0.432278	0.577172
en-ro	0.791876	0.849721	0.760474	0.75475	0.769008	0.676412	0.807765	0.797689
en-ta	NA	NA	0.496635	0.476112	0.362311	0.308208	0.386562	0.430177
