lang-pair	EMEA	JRC-Acquis	KDE4	OpenSubtitles	QED	Tanzil	TED2020	CCAligned
en-cs	17.824889	21.57805	23.634106	12.647556	13.20844	4.539371	14.694971	20.576917
en-de	25.442082	26.704787	21.533624	17.623656	22.536121	12.108695	23.215012	30.601882
en-fi	12.263302	8.367242	19.743573	6.932391	12.677863	NA	13.116497	16.19368
en-fr	31.443465	35.316996	33.69876	23.851328	29.17698	13.058055	31.161792	39.44057
en-lt	4.62961	4.529837	5.10695	1.036575	1.085446	NA	1.36525	6.256784
en-ro	22.614641	24.244112	22.227888	16.212226	18.144452	5.256403	21.599754	24.996067
en-ta	NA	NA	0.604889	0.819331	0.447563	0.034665	0.146138	1.738955
